test,label,edges,n_edges,seed,baseline_metric,scenario_metric,diff,pct,verdict
single,475556403#1,475556403#1,1,144,11197471.0,10920501.0,-276970.0,-2.4735,LEPIEJ
single,475556403#1,475556403#1,1,42,11445478.0,11192084.0,-253394.0,-2.2139,LEPIEJ
single,475556403#1,475556403#1,1,200,11191276.0,10938025.0,-253251.0,-2.2629,LEPIEJ
single,475556403#1,475556403#1,1,777,11489782.0,11462729.0,-27053.0,-0.2355,LEPIEJ
single,475556403#1,475556403#1,1,1337,11441243.0,11217280.0,-223963.0,-1.9575,LEPIEJ
single,475556403#1,475556403#1,1,2024,11325626.0,10861055.0,-464571.0,-4.1019,LEPIEJ
single,475556403#1,475556403#1,1,7,11343409.0,10948103.0,-395306.0,-3.4849,LEPIEJ
single,475556403#1,475556403#1,1,99,11292401.0,11110162.0,-182239.0,-1.6138,LEPIEJ
single,-21046520#1,-21046520#1,1,144,11197471.0,11277910.0,+80439.0,+0.7184,GORZEJ
single,-21046520#1,-21046520#1,1,42,11445478.0,11658370.0,+212892.0,+1.8601,GORZEJ
single,-21046520#1,-21046520#1,1,200,11191276.0,11633491.0,+442215.0,+3.9514,GORZEJ
single,-21046520#1,-21046520#1,1,777,11489782.0,11871634.0,+381852.0,+3.3234,GORZEJ
single,-21046520#1,-21046520#1,1,1337,11441243.0,11239788.0,-201455.0,-1.7608,LEPIEJ
single,-21046520#1,-21046520#1,1,2024,11325626.0,11420911.0,+95285.0,+0.8413,GORZEJ
single,-21046520#1,-21046520#1,1,7,11343409.0,11459855.0,+116446.0,+1.0266,GORZEJ
single,-21046520#1,-21046520#1,1,99,11292401.0,11451749.0,+159348.0,+1.4111,GORZEJ
single,19844875#2,19844875#2,1,144,11197471.0,11185087.0,-12384.0,-0.1106,LEPIEJ
single,19844875#2,19844875#2,1,42,11445478.0,11420916.0,-24562.0,-0.2146,LEPIEJ
single,19844875#2,19844875#2,1,200,11191276.0,11376034.0,+184758.0,+1.6509,GORZEJ
single,19844875#2,19844875#2,1,777,11489782.0,11217646.0,-272136.0,-2.3685,LEPIEJ
single,19844875#2,19844875#2,1,1337,11441243.0,11400241.0,-41002.0,-0.3584,LEPIEJ
single,19844875#2,19844875#2,1,2024,11325626.0,11268465.0,-57161.0,-0.5047,LEPIEJ
single,19844875#2,19844875#2,1,7,11343409.0,11206659.0,-136750.0,-1.2055,LEPIEJ
single,19844875#2,19844875#2,1,99,11292401.0,11295613.0,+3212.0,+0.0284,GORZEJ
single,21931182#0,21931182#0,1,144,11197471.0,11818129.0,+620658.0,+5.5428,GORZEJ
single,21931182#0,21931182#0,1,42,11445478.0,11905361.0,+459883.0,+4.0180,GORZEJ
single,21931182#0,21931182#0,1,200,11191276.0,12079596.0,+888320.0,+7.9376,GORZEJ
single,21931182#0,21931182#0,1,777,11489782.0,12252459.0,+762677.0,+6.6379,GORZEJ
single,21931182#0,21931182#0,1,1337,11441243.0,12045269.0,+604026.0,+5.2794,GORZEJ
single,21931182#0,21931182#0,1,2024,11325626.0,11537133.0,+211507.0,+1.8675,GORZEJ
single,21931182#0,21931182#0,1,7,11343409.0,11785853.0,+442444.0,+3.9005,GORZEJ
single,21931182#0,21931182#0,1,99,11292401.0,11765611.0,+473210.0,+4.1905,GORZEJ
single,-372635877,-372635877,1,144,11197471.0,17772834.0,+6575363.0,+58.7219,GORZEJ
single,-372635877,-372635877,1,42,11445478.0,18392951.0,+6947473.0,+60.7006,GORZEJ
single,-372635877,-372635877,1,200,11191276.0,17292180.0,+6100904.0,+54.5148,GORZEJ
single,-372635877,-372635877,1,777,11489782.0,18003560.0,+6513778.0,+56.6919,GORZEJ
single,-372635877,-372635877,1,1337,11441243.0,18007532.0,+6566289.0,+57.3914,GORZEJ
single,-372635877,-372635877,1,2024,11325626.0,12830359.0,+1504733.0,+13.2861,GORZEJ
single,-372635877,-372635877,1,7,11343409.0,16475689.0,+5132280.0,+45.2446,GORZEJ
single,-372635877,-372635877,1,99,11292401.0,14610104.0,+3317703.0,+29.3800,GORZEJ
single,26372275#4,26372275#4,1,144,11197471.0,10819999.0,-377472.0,-3.3710,LEPIEJ
single,26372275#4,26372275#4,1,42,11445478.0,10902945.0,-542533.0,-4.7402,LEPIEJ
single,26372275#4,26372275#4,1,200,11191276.0,10860075.0,-331201.0,-2.9595,LEPIEJ
single,26372275#4,26372275#4,1,777,11489782.0,11505272.0,+15490.0,+0.1348,GORZEJ
single,26372275#4,26372275#4,1,1337,11441243.0,11003547.0,-437696.0,-3.8256,LEPIEJ
single,26372275#4,26372275#4,1,2024,11325626.0,10775212.0,-550414.0,-4.8599,LEPIEJ
single,26372275#4,26372275#4,1,7,11343409.0,11082004.0,-261405.0,-2.3045,LEPIEJ
single,26372275#4,26372275#4,1,99,11292401.0,10928094.0,-364307.0,-3.2261,LEPIEJ
single,19843701#4,19843701#4,1,144,11197471.0,11409488.0,+212017.0,+1.8934,GORZEJ
single,19843701#4,19843701#4,1,42,11445478.0,11470361.0,+24883.0,+0.2174,GORZEJ
single,19843701#4,19843701#4,1,200,11191276.0,11202796.0,+11520.0,+0.1029,GORZEJ
single,19843701#4,19843701#4,1,777,11489782.0,11902502.0,+412720.0,+3.5921,GORZEJ
single,19843701#4,19843701#4,1,1337,11441243.0,11394074.0,-47169.0,-0.4123,LEPIEJ
single,19843701#4,19843701#4,1,2024,11325626.0,11151571.0,-174055.0,-1.5368,LEPIEJ
single,19843701#4,19843701#4,1,7,11343409.0,11328322.0,-15087.0,-0.1330,LEPIEJ
single,19843701#4,19843701#4,1,99,11292401.0,11250303.0,-42098.0,-0.3728,LEPIEJ
single,431445479#2,431445479#2,1,144,11197471.0,11673951.0,+476480.0,+4.2552,GORZEJ
single,431445479#2,431445479#2,1,42,11445478.0,12176044.0,+730566.0,+6.3830,GORZEJ
single,431445479#2,431445479#2,1,200,11191276.0,11659588.0,+468312.0,+4.1846,GORZEJ
single,431445479#2,431445479#2,1,777,11489782.0,12038796.0,+549014.0,+4.7783,GORZEJ
single,431445479#2,431445479#2,1,1337,11441243.0,12308221.0,+866978.0,+7.5777,GORZEJ
single,431445479#2,431445479#2,1,2024,11325626.0,11653245.0,+327619.0,+2.8927,GORZEJ
single,431445479#2,431445479#2,1,7,11343409.0,12074830.0,+731421.0,+6.4480,GORZEJ
single,431445479#2,431445479#2,1,99,11292401.0,11760372.0,+467971.0,+4.1441,GORZEJ
single,887288446#0,887288446#0,1,144,11197471.0,11097932.0,-99539.0,-0.8889,LEPIEJ
single,887288446#0,887288446#0,1,42,11445478.0,11485151.0,+39673.0,+0.3466,GORZEJ
single,887288446#0,887288446#0,1,200,11191276.0,11275637.0,+84361.0,+0.7538,GORZEJ
single,887288446#0,887288446#0,1,777,11489782.0,12094164.0,+604382.0,+5.2602,GORZEJ
single,887288446#0,887288446#0,1,1337,11441243.0,11719814.0,+278571.0,+2.4348,GORZEJ
single,887288446#0,887288446#0,1,2024,11325626.0,11038104.0,-287522.0,-2.5387,LEPIEJ
single,887288446#0,887288446#0,1,7,11343409.0,11111364.0,-232045.0,-2.0456,LEPIEJ
single,887288446#0,887288446#0,1,99,11292401.0,11650749.0,+358348.0,+3.1734,GORZEJ
single,-372636138,-372636138,1,144,11197471.0,16664090.0,+5466619.0,+48.8201,GORZEJ
single,-372636138,-372636138,1,42,11445478.0,16488731.0,+5043253.0,+44.0633,GORZEJ
single,-372636138,-372636138,1,200,11191276.0,15457774.0,+4266498.0,+38.1234,GORZEJ
single,-372636138,-372636138,1,777,11489782.0,17424393.0,+5934611.0,+51.6512,GORZEJ
single,-372636138,-372636138,1,1337,11441243.0,17236482.0,+5795239.0,+50.6522,GORZEJ
single,-372636138,-372636138,1,2024,11325626.0,12486106.0,+1160480.0,+10.2465,GORZEJ
single,-372636138,-372636138,1,7,11343409.0,16292991.0,+4949582.0,+43.6340,GORZEJ
single,-372636138,-372636138,1,99,11292401.0,13696099.0,+2403698.0,+21.2860,GORZEJ
single,150023225#1,150023225#1,1,144,11197471.0,11204098.0,+6627.0,+0.0592,GORZEJ
single,150023225#1,150023225#1,1,42,11445478.0,11481588.0,+36110.0,+0.3155,GORZEJ
single,150023225#1,150023225#1,1,200,11191276.0,11246475.0,+55199.0,+0.4932,GORZEJ
single,150023225#1,150023225#1,1,777,11489782.0,11555499.0,+65717.0,+0.5720,GORZEJ
single,150023225#1,150023225#1,1,1337,11441243.0,11238275.0,-202968.0,-1.7740,LEPIEJ
single,150023225#1,150023225#1,1,2024,11325626.0,11176556.0,-149070.0,-1.3162,LEPIEJ
single,150023225#1,150023225#1,1,7,11343409.0,11066458.0,-276951.0,-2.4415,LEPIEJ
single,150023225#1,150023225#1,1,99,11292401.0,11251436.0,-40965.0,-0.3628,LEPIEJ
single,180640933#1,180640933#1,1,144,11197471.0,11283617.0,+86146.0,+0.7693,GORZEJ
single,180640933#1,180640933#1,1,42,11445478.0,12072534.0,+627056.0,+5.4786,GORZEJ
single,180640933#1,180640933#1,1,200,11191276.0,11968096.0,+776820.0,+6.9413,GORZEJ
single,180640933#1,180640933#1,1,777,11489782.0,12298826.0,+809044.0,+7.0414,GORZEJ
single,180640933#1,180640933#1,1,1337,11441243.0,11908099.0,+466856.0,+4.0805,GORZEJ
single,180640933#1,180640933#1,1,2024,11325626.0,11453916.0,+128290.0,+1.1327,GORZEJ
single,180640933#1,180640933#1,1,7,11343409.0,11490817.0,+147408.0,+1.2995,GORZEJ
single,180640933#1,180640933#1,1,99,11292401.0,11868852.0,+576451.0,+5.1048,GORZEJ
single,-24837773,-24837773,1,144,11197471.0,11361601.0,+164130.0,+1.4658,GORZEJ
single,-24837773,-24837773,1,42,11445478.0,11915638.0,+470160.0,+4.1078,GORZEJ
single,-24837773,-24837773,1,200,11191276.0,11336018.0,+144742.0,+1.2933,GORZEJ
single,-24837773,-24837773,1,777,11489782.0,12106977.0,+617195.0,+5.3717,GORZEJ
single,-24837773,-24837773,1,1337,11441243.0,11497215.0,+55972.0,+0.4892,GORZEJ
single,-24837773,-24837773,1,2024,11325626.0,11261980.0,-63646.0,-0.5620,LEPIEJ
single,-24837773,-24837773,1,7,11343409.0,11382668.0,+39259.0,+0.3461,GORZEJ
single,-24837773,-24837773,1,99,11292401.0,11401728.0,+109327.0,+0.9681,GORZEJ
single,108352259#1,108352259#1,1,144,11197471.0,12355393.0,+1157922.0,+10.3409,GORZEJ
single,108352259#1,108352259#1,1,42,11445478.0,11651316.0,+205838.0,+1.7984,GORZEJ
single,108352259#1,108352259#1,1,200,11191276.0,11952489.0,+761213.0,+6.8018,GORZEJ
single,108352259#1,108352259#1,1,777,11489782.0,12037416.0,+547634.0,+4.7663,GORZEJ
single,108352259#1,108352259#1,1,1337,11441243.0,12115537.0,+674294.0,+5.8935,GORZEJ
single,108352259#1,108352259#1,1,2024,11325626.0,11527910.0,+202284.0,+1.7861,GORZEJ
single,108352259#1,108352259#1,1,7,11343409.0,11939658.0,+596249.0,+5.2563,GORZEJ
single,108352259#1,108352259#1,1,99,11292401.0,11822831.0,+530430.0,+4.6972,GORZEJ
single,297145076#0,297145076#0,1,144,11197471.0,11075316.0,-122155.0,-1.0909,LEPIEJ
single,297145076#0,297145076#0,1,42,11445478.0,11377754.0,-67724.0,-0.5917,LEPIEJ
single,297145076#0,297145076#0,1,200,11191276.0,11120408.0,-70868.0,-0.6332,LEPIEJ
single,297145076#0,297145076#0,1,777,11489782.0,11598845.0,+109063.0,+0.9492,GORZEJ
single,297145076#0,297145076#0,1,1337,11441243.0,11328526.0,-112717.0,-0.9852,LEPIEJ
single,297145076#0,297145076#0,1,2024,11325626.0,10845522.0,-480104.0,-4.2391,LEPIEJ
single,297145076#0,297145076#0,1,7,11343409.0,11267691.0,-75718.0,-0.6675,LEPIEJ
single,297145076#0,297145076#0,1,99,11292401.0,11071231.0,-221170.0,-1.9586,LEPIEJ
single,-21046520#2,-21046520#2,1,144,11197471.0,11277910.0,+80439.0,+0.7184,GORZEJ
single,-21046520#2,-21046520#2,1,42,11445478.0,11658370.0,+212892.0,+1.8601,GORZEJ
single,-21046520#2,-21046520#2,1,200,11191276.0,11633491.0,+442215.0,+3.9514,GORZEJ
single,-21046520#2,-21046520#2,1,777,11489782.0,11871634.0,+381852.0,+3.3234,GORZEJ
single,-21046520#2,-21046520#2,1,1337,11441243.0,11239788.0,-201455.0,-1.7608,LEPIEJ
single,-21046520#2,-21046520#2,1,2024,11325626.0,11420911.0,+95285.0,+0.8413,GORZEJ
single,-21046520#2,-21046520#2,1,7,11343409.0,11459855.0,+116446.0,+1.0266,GORZEJ
single,-21046520#2,-21046520#2,1,99,11292401.0,11451749.0,+159348.0,+1.4111,GORZEJ
single,431445477#0,431445477#0,1,144,11197471.0,13401062.0,+2203591.0,+19.6794,GORZEJ
single,431445477#0,431445477#0,1,42,11445478.0,13178595.0,+1733117.0,+15.1424,GORZEJ
single,431445477#0,431445477#0,1,200,11191276.0,13161762.0,+1970486.0,+17.6073,GORZEJ
single,431445477#0,431445477#0,1,777,11489782.0,15157787.0,+3668005.0,+31.9241,GORZEJ
single,431445477#0,431445477#0,1,1337,11441243.0,12540103.0,+1098860.0,+9.6044,GORZEJ
single,431445477#0,431445477#0,1,2024,11325626.0,12494756.0,+1169130.0,+10.3229,GORZEJ
single,431445477#0,431445477#0,1,7,11343409.0,13618577.0,+2275168.0,+20.0572,GORZEJ
single,431445477#0,431445477#0,1,99,11292401.0,13137718.0,+1845317.0,+16.3412,GORZEJ
single,852687657,852687657,1,144,11197471.0,11071602.0,-125869.0,-1.1241,LEPIEJ
single,852687657,852687657,1,42,11445478.0,11370551.0,-74927.0,-0.6546,LEPIEJ
single,852687657,852687657,1,200,11191276.0,11225333.0,+34057.0,+0.3043,GORZEJ
single,852687657,852687657,1,777,11489782.0,11657623.0,+167841.0,+1.4608,GORZEJ
single,852687657,852687657,1,1337,11441243.0,11213921.0,-227322.0,-1.9869,LEPIEJ
single,852687657,852687657,1,2024,11325626.0,10999260.0,-326366.0,-2.8817,LEPIEJ
single,852687657,852687657,1,7,11343409.0,11239973.0,-103436.0,-0.9119,LEPIEJ
single,852687657,852687657,1,99,11292401.0,11125126.0,-167275.0,-1.4813,LEPIEJ
single,828600620#0,828600620#0,1,144,11197471.0,11044922.0,-152549.0,-1.3624,LEPIEJ
single,828600620#0,828600620#0,1,42,11445478.0,11250990.0,-194488.0,-1.6993,LEPIEJ
single,828600620#0,828600620#0,1,200,11191276.0,11185535.0,-5741.0,-0.0513,LEPIEJ
single,828600620#0,828600620#0,1,777,11489782.0,11693564.0,+203782.0,+1.7736,GORZEJ
single,828600620#0,828600620#0,1,1337,11441243.0,11265749.0,-175494.0,-1.5339,LEPIEJ
single,828600620#0,828600620#0,1,2024,11325626.0,10979903.0,-345723.0,-3.0526,LEPIEJ
single,828600620#0,828600620#0,1,7,11343409.0,11104011.0,-239398.0,-2.1105,LEPIEJ
single,828600620#0,828600620#0,1,99,11292401.0,11210315.0,-82086.0,-0.7269,LEPIEJ
single,80576567#1,80576567#1,1,144,11197471.0,11432660.0,+235189.0,+2.1004,GORZEJ
single,80576567#1,80576567#1,1,42,11445478.0,12134314.0,+688836.0,+6.0184,GORZEJ
single,80576567#1,80576567#1,1,200,11191276.0,11412719.0,+221443.0,+1.9787,GORZEJ
single,80576567#1,80576567#1,1,777,11489782.0,12261288.0,+771506.0,+6.7147,GORZEJ
single,80576567#1,80576567#1,1,1337,11441243.0,12048150.0,+606907.0,+5.3046,GORZEJ
single,80576567#1,80576567#1,1,2024,11325626.0,11272732.0,-52894.0,-0.4670,LEPIEJ
single,80576567#1,80576567#1,1,7,11343409.0,11259306.0,-84103.0,-0.7414,LEPIEJ
single,80576567#1,80576567#1,1,99,11292401.0,12078934.0,+786533.0,+6.9652,GORZEJ
single,368325413,368325413,1,144,11197471.0,11410932.0,+213461.0,+1.9063,GORZEJ
single,368325413,368325413,1,42,11445478.0,11514237.0,+68759.0,+0.6008,GORZEJ
single,368325413,368325413,1,200,11191276.0,11195006.0,+3730.0,+0.0333,GORZEJ
single,368325413,368325413,1,777,11489782.0,11989332.0,+499550.0,+4.3478,GORZEJ
single,368325413,368325413,1,1337,11441243.0,11404390.0,-36853.0,-0.3221,LEPIEJ
single,368325413,368325413,1,2024,11325626.0,11129672.0,-195954.0,-1.7302,LEPIEJ
single,368325413,368325413,1,7,11343409.0,11329568.0,-13841.0,-0.1220,LEPIEJ
single,368325413,368325413,1,99,11292401.0,11396684.0,+104283.0,+0.9235,GORZEJ
single,24345907#9,24345907#9,1,144,11197471.0,11869977.0,+672506.0,+6.0059,GORZEJ
single,24345907#9,24345907#9,1,42,11445478.0,11936860.0,+491382.0,+4.2932,GORZEJ
single,24345907#9,24345907#9,1,200,11191276.0,11741686.0,+550410.0,+4.9182,GORZEJ
single,24345907#9,24345907#9,1,777,11489782.0,12794911.0,+1305129.0,+11.3590,GORZEJ
single,24345907#9,24345907#9,1,1337,11441243.0,12291494.0,+850251.0,+7.4315,GORZEJ
single,24345907#9,24345907#9,1,2024,11325626.0,11793470.0,+467844.0,+4.1308,GORZEJ
single,24345907#9,24345907#9,1,7,11343409.0,12005680.0,+662271.0,+5.8384,GORZEJ
single,24345907#9,24345907#9,1,99,11292401.0,11736542.0,+444141.0,+3.9331,GORZEJ
single,216565683#1,216565683#1,1,144,11197471.0,11319399.0,+121928.0,+1.0889,GORZEJ
single,216565683#1,216565683#1,1,42,11445478.0,11396427.0,-49051.0,-0.4286,LEPIEJ
single,216565683#1,216565683#1,1,200,11191276.0,11410051.0,+218775.0,+1.9549,GORZEJ
single,216565683#1,216565683#1,1,777,11489782.0,11474994.0,-14788.0,-0.1287,LEPIEJ
single,216565683#1,216565683#1,1,1337,11441243.0,11411126.0,-30117.0,-0.2632,LEPIEJ
single,216565683#1,216565683#1,1,2024,11325626.0,11301309.0,-24317.0,-0.2147,LEPIEJ
single,216565683#1,216565683#1,1,7,11343409.0,11502548.0,+159139.0,+1.4029,GORZEJ
single,216565683#1,216565683#1,1,99,11292401.0,11206454.0,-85947.0,-0.7611,LEPIEJ
single,277424365#1,277424365#1,1,144,11197471.0,10948777.0,-248694.0,-2.2210,LEPIEJ
single,277424365#1,277424365#1,1,42,11445478.0,11114572.0,-330906.0,-2.8912,LEPIEJ
single,277424365#1,277424365#1,1,200,11191276.0,10952029.0,-239247.0,-2.1378,LEPIEJ
single,277424365#1,277424365#1,1,777,11489782.0,11342316.0,-147466.0,-1.2835,LEPIEJ
single,277424365#1,277424365#1,1,1337,11441243.0,11126147.0,-315096.0,-2.7540,LEPIEJ
single,277424365#1,277424365#1,1,2024,11325626.0,10798891.0,-526735.0,-4.6508,LEPIEJ
single,277424365#1,277424365#1,1,7,11343409.0,11079040.0,-264369.0,-2.3306,LEPIEJ
single,277424365#1,277424365#1,1,99,11292401.0,11190523.0,-101878.0,-0.9022,LEPIEJ
single,217162194,217162194,1,144,11197471.0,11479824.0,+282353.0,+2.5216,GORZEJ
single,217162194,217162194,1,42,11445478.0,12318510.0,+873032.0,+7.6277,GORZEJ
single,217162194,217162194,1,200,11191276.0,11932097.0,+740821.0,+6.6196,GORZEJ
single,217162194,217162194,1,777,11489782.0,11968787.0,+479005.0,+4.1690,GORZEJ
single,217162194,217162194,1,1337,11441243.0,11993180.0,+551937.0,+4.8241,GORZEJ
single,217162194,217162194,1,2024,11325626.0,11245498.0,-80128.0,-0.7075,LEPIEJ
single,217162194,217162194,1,7,11343409.0,11752888.0,+409479.0,+3.6098,GORZEJ
single,217162194,217162194,1,99,11292401.0,11712519.0,+420118.0,+3.7204,GORZEJ
single,216940969#0,216940969#0,1,144,11197471.0,11212439.0,+14968.0,+0.1337,GORZEJ
single,216940969#0,216940969#0,1,42,11445478.0,11743291.0,+297813.0,+2.6020,GORZEJ
single,216940969#0,216940969#0,1,200,11191276.0,11571553.0,+380277.0,+3.3980,GORZEJ
single,216940969#0,216940969#0,1,777,11489782.0,11780884.0,+291102.0,+2.5336,GORZEJ
single,216940969#0,216940969#0,1,1337,11441243.0,11455196.0,+13953.0,+0.1220,GORZEJ
single,216940969#0,216940969#0,1,2024,11325626.0,11063126.0,-262500.0,-2.3178,LEPIEJ
single,216940969#0,216940969#0,1,7,11343409.0,11400045.0,+56636.0,+0.4993,GORZEJ
single,216940969#0,216940969#0,1,99,11292401.0,11363307.0,+70906.0,+0.6279,GORZEJ
single,1465797167,1465797167,1,144,11197471.0,11696668.0,+499197.0,+4.4581,GORZEJ
single,1465797167,1465797167,1,42,11445478.0,12203495.0,+758017.0,+6.6229,GORZEJ
single,1465797167,1465797167,1,200,11191276.0,12102189.0,+910913.0,+8.1395,GORZEJ
single,1465797167,1465797167,1,777,11489782.0,12581773.0,+1091991.0,+9.5040,GORZEJ
single,1465797167,1465797167,1,1337,11441243.0,11848101.0,+406858.0,+3.5561,GORZEJ
single,1465797167,1465797167,1,2024,11325626.0,11616188.0,+290562.0,+2.5655,GORZEJ
single,1465797167,1465797167,1,7,11343409.0,11844924.0,+501515.0,+4.4212,GORZEJ
single,1465797167,1465797167,1,99,11292401.0,11933411.0,+641010.0,+5.6765,GORZEJ
single,19845066,19845066,1,144,11197471.0,12209606.0,+1012135.0,+9.0390,GORZEJ
single,19845066,19845066,1,42,11445478.0,11638398.0,+192920.0,+1.6856,GORZEJ
single,19845066,19845066,1,200,11191276.0,11929309.0,+738033.0,+6.5947,GORZEJ
single,19845066,19845066,1,777,11489782.0,11961321.0,+471539.0,+4.1040,GORZEJ
single,19845066,19845066,1,1337,11441243.0,12360429.0,+919186.0,+8.0340,GORZEJ
single,19845066,19845066,1,2024,11325626.0,11494211.0,+168585.0,+1.4885,GORZEJ
single,19845066,19845066,1,7,11343409.0,11983623.0,+640214.0,+5.6439,GORZEJ
single,19845066,19845066,1,99,11292401.0,11674998.0,+382597.0,+3.3881,GORZEJ
single,25949904,25949904,1,144,11197471.0,11367179.0,+169708.0,+1.5156,GORZEJ
single,25949904,25949904,1,42,11445478.0,11465323.0,+19845.0,+0.1734,GORZEJ
single,25949904,25949904,1,200,11191276.0,11204993.0,+13717.0,+0.1226,GORZEJ
single,25949904,25949904,1,777,11489782.0,11814532.0,+324750.0,+2.8264,GORZEJ
single,25949904,25949904,1,1337,11441243.0,11329676.0,-111567.0,-0.9751,LEPIEJ
single,25949904,25949904,1,2024,11325626.0,10964245.0,-361381.0,-3.1908,LEPIEJ
single,25949904,25949904,1,7,11343409.0,11202403.0,-141006.0,-1.2431,LEPIEJ
single,25949904,25949904,1,99,11292401.0,11136998.0,-155403.0,-1.3762,LEPIEJ
single,29285995#0,29285995#0,1,144,11197471.0,11262569.0,+65098.0,+0.5814,GORZEJ
single,29285995#0,29285995#0,1,42,11445478.0,11731910.0,+286432.0,+2.5026,GORZEJ
single,29285995#0,29285995#0,1,200,11191276.0,11239430.0,+48154.0,+0.4303,GORZEJ
single,29285995#0,29285995#0,1,777,11489782.0,11705090.0,+215308.0,+1.8739,GORZEJ
single,29285995#0,29285995#0,1,1337,11441243.0,11217144.0,-224099.0,-1.9587,LEPIEJ
single,29285995#0,29285995#0,1,2024,11325626.0,11283422.0,-42204.0,-0.3726,LEPIEJ
single,29285995#0,29285995#0,1,7,11343409.0,11510933.0,+167524.0,+1.4768,GORZEJ
single,29285995#0,29285995#0,1,99,11292401.0,11362307.0,+69906.0,+0.6191,GORZEJ
best,best_1,26372275#4;277424365#1,2,144,11197471.0,11028997.0,-168474.0,-1.5046,LEPIEJ
best,best_2,19844875#2;26372275#4,2,144,11197471.0,10895410.0,-302061.0,-2.6976,LEPIEJ
best,best_3,19844875#2;277424365#1,2,144,11197471.0,11139428.0,-58043.0,-0.5184,LEPIEJ
best,best_4,29285995#0;887288446#0,2,144,11197471.0,11143400.0,-54071.0,-0.4829,LEPIEJ
best,best_5,368325413;475556403#1,2,144,11197471.0,11005881.0,-191590.0,-1.7110,LEPIEJ
best,best_6,150023225#1;277424365#1,2,144,11197471.0,10841369.0,-356102.0,-3.1802,LEPIEJ
best,best_7,150023225#1;19843701#4,2,144,11197471.0,11185314.0,-12157.0,-0.1086,LEPIEJ
best,best_8,19844875#2;216565683#1,2,144,11197471.0,11462297.0,+264826.0,+2.3651,GORZEJ
best,best_9,19844875#2;297145076#0,2,144,11197471.0,11222579.0,+25108.0,+0.2242,GORZEJ
best,best_10,19843701#4;475556403#1,2,144,11197471.0,10932242.0,-265229.0,-2.3687,LEPIEJ
worst,worst_1,-372635877;-372636138,2,144,11197471.0,16635830.0,+5438359.0,+48.5677,GORZEJ
worst,worst_2,-372635877;19845066,2,144,11197471.0,19431366.0,+8233895.0,+73.5335,GORZEJ
worst,worst_3,-372636138;19845066,2,144,11197471.0,18300618.0,+7103147.0,+63.4353,GORZEJ
worst,worst_4,-21046520#2;80576567#1,2,144,11197471.0,11555892.0,+358421.0,+3.2009,GORZEJ
worst,worst_5,-24837773;431445477#0,2,144,11197471.0,13622989.0,+2425518.0,+21.6613,GORZEJ
worst,worst_6,-372636138;431445479#2,2,144,11197471.0,14602958.0,+3405487.0,+30.4130,GORZEJ
worst,worst_7,180640933#1;431445479#2,2,144,11197471.0,11752607.0,+555136.0,+4.9577,GORZEJ
worst,worst_8,19845066;217162194,2,144,11197471.0,12005437.0,+807966.0,+7.2156,GORZEJ
worst,worst_9,19845066;24345907#9,2,144,11197471.0,12474832.0,+1277361.0,+11.4076,GORZEJ
worst,worst_10,180640933#1;431445477#0,2,144,11197471.0,14784832.0,+3587361.0,+32.0372,GORZEJ
mix,mix_1,19844875#2;-372635877,2,144,11197471.0,17285898.0,+6088427.0,+54.3732,GORZEJ
mix,mix_2,19844875#2;-372636138,2,144,11197471.0,15442989.0,+4245518.0,+37.9150,GORZEJ
mix,mix_3,887288446#0;80576567#1,2,144,11197471.0,11255830.0,+58359.0,+0.5212,GORZEJ
mix,mix_4,475556403#1;-24837773,2,144,11197471.0,11057509.0,-139962.0,-1.2499,LEPIEJ
mix,mix_5,150023225#1;-372636138,2,144,11197471.0,12159968.0,+962497.0,+8.5957,GORZEJ
mix,mix_6,19843701#4;431445479#2,2,144,11197471.0,11846126.0,+648655.0,+5.7929,GORZEJ
mix,mix_7,19844875#2;217162194,2,144,11197471.0,11268520.0,+71049.0,+0.6345,GORZEJ
mix,mix_8,297145076#0;19845066,2,144,11197471.0,11952407.0,+754936.0,+6.7420,GORZEJ
mix,mix_9,19843701#4;431445477#0,2,144,11197471.0,13811924.0,+2614453.0,+23.3486,GORZEJ
mix,mix_10,297145076#0;431445479#2,2,144,11197471.0,12161870.0,+964399.0,+8.6127,GORZEJ
rand3,rand3_1,-21046520#1;19844875#2;297145076#0,3,144,11197471.0,11114997.0,-82474.0,-0.7365,LEPIEJ
rand3,rand3_2,19845066;26372275#4;277424365#1,3,144,11197471.0,11994059.0,+796588.0,+7.1140,GORZEJ
rand3,rand3_3,-24837773;19844875#2;216940969#0,3,144,11197471.0,11468524.0,+271053.0,+2.4207,GORZEJ
rand3,rand3_4,-21046520#2;108352259#1;24345907#9,3,144,11197471.0,12348654.0,+1151183.0,+10.2807,GORZEJ
rand3,rand3_5,297145076#0;431445479#2;828600620#0,3,144,11197471.0,11802375.0,+604904.0,+5.4021,GORZEJ
rand3,rand3_6,-372635877;24345907#9;431445479#2,3,144,11197471.0,15029892.0,+3832421.0,+34.2258,GORZEJ
rand3,rand3_7,-21046520#1;108352259#1;297145076#0,3,144,11197471.0,12140661.0,+943190.0,+8.4232,GORZEJ
rand3,rand3_8,21931182#0;29285995#0;431445479#2,3,144,11197471.0,12977834.0,+1780363.0,+15.8997,GORZEJ
rand3,rand3_9,25949904;431445477#0;887288446#0,3,144,11197471.0,14109440.0,+2911969.0,+26.0056,GORZEJ
rand3,rand3_10,277424365#1;431445479#2;887288446#0,3,144,11197471.0,11188121.0,-9350.0,-0.0835,LEPIEJ
